object_id,museum_id,title,artist,artist_province,dynasty,artist_wikidata_id,artist_birth,artist_death,artist_bio,artist_wikipedia_summary,artist_enriched_at,period,period_start_year,period_end_year,type,material,culture,description,provenance,bibliography,dimensions,museum,location,detail_url,image_url,image_urls,iiif_manifest_url,image_path,image_paths,image_count,credit_line,accession_number,crawl_date
08.427,3,Mirror,,,Western Han（西汉）,,,,,,,"Han dynasty, 202–68 B.C.",-202,-68,Metalwork,Bronze,Chinese,"Han dynasty, 202–68 B.C. Metalwork Bronze Chinese",,,"Diameter 20 cm (7 7/8 in.), Weight 1217 gm (2.68 lb.)","Museum of Fine Arts, Boston","Boston, MA, USA",https://collections.mfa.org/objects/8850/mirror,https://collections.mfa.org/internal/media/dispatcher/578666/preview,,,images\mfa\08.427.jpg,,0,Museum purchase with funds donated by contribution,08.427,2026-05-31
09.396,3,Rug,,,Qing（清）,,,,,,,"Qing dynasty, Kanghsi period, 1662–1722",1662,1722,Textiles,Wool cut pile on plain weave cotton ground,Chinese,Rectangular wool cut pile rug with design of central medallion of peonies and scrolling leaves in blues on a pale yellow main field and peony and leaf motifs in each of the four corners; surrounding the main field is a narrow border with swastika fret pattern and a wider outer border with repeating peony motifs.,"Purchased by the donor of D.G. Kalekian, for $150; gift of Denman Waldo Ross to the MFA in 1909",,193 x 365 cm (76 x 143 11/16 in.),"Museum of Fine Arts, Boston","Boston, MA, USA",https://collections.mfa.org/objects/9007/rug,https://collections.mfa.org/internal/media/dispatcher/1022727/preview,,,images\mfa\09.396.jpg,,0,Denman Waldo Ross Collection,09.396,2026-05-31
09.603,3,End of a pillow,,,Qing（清）,,,,,,,"Qing dynasty, 1870 to 1890",1870,1870,Textiles,Silk satin embroidered with silk,Chinese,"Pillow end of bright red satin with design of ""hundred children"" and flowers embroidered in polychrome silk and couched gold-wrapped thread; mounted with bright, light green silk; probably a dowry piece.","Gift from Louis H. Farlow to the MFA, December 29, 1909",,17.2 x 19.2 cm (6 3/4 x 7 9/16 in.),"Museum of Fine Arts, Boston","Boston, MA, USA",https://collections.mfa.org/objects/9023/end-of-a-pillow,https://collections.mfa.org/internal/media/dispatcher/1016124/preview,,,images\mfa\09.603.jpg,,0,Gift of Louis H. Farlow,09.603,2026-05-31
09.604,3,Silk panel,,,Qing（清）,,,,,,,"Qing dynasty, late 19th century",1801,1900,Textiles,Silk embroidered with floss silk and gold wrapped threads,Chinese,"Panel of black silk with design of vases of flowers, stands, etc. (Hundred Antiques)  embroidered with blue, yellow, brown, green and white silk; trimmed with bands of black satin embroidered with a dense design of flowers in blue and bands of salmon pink brocade.","Gift from Louis H. Farlow to the MFA, December 29, 1909",,Height x width: 47.5 x 36 cm (18 11/16 x 14 3/16 in.),"Museum of Fine Arts, Boston","Boston, MA, USA",https://collections.mfa.org/objects/9024/silk-panel,https://collections.mfa.org/internal/media/dispatcher/1029260/preview,,,images\mfa\09.604.jpg,,0,Gift of Louis H. Farlow,09.604,2026-05-31
09.605,3,Court insignia badge (buzi) for fourth-rank civil official,,,Qing（清）,,,,,,,"Qing dynasty, about 1900",1900,1900,Textiles,Silk satin embroidered with couched gold and silver wrapped threads,Chinese,"Court insignia badge (buzi) of dark blue satin with design of wild goose (fourth-rank civil official) rising from the waves, clouds, endless knot and other auspicious symbols surrounded by border with alternating Chinese character and bat motifs embroidered with couched gold and silver thread; lined with gray-blue silk.","Gift from Louis H. Farlow to the MFA, December 29, 1909",,Height x width: 11 13/16 x 12 5/16 in. (30 x 31.3 cm),"Museum of Fine Arts, Boston","Boston, MA, USA",https://collections.mfa.org/objects/9025/court-insignia-badge-buzi-for-fourthrank-civil-official,https://collections.mfa.org/internal/media/dispatcher/1029261/preview,,,images\mfa\09.605.jpg,,0,Gift of Louis H. Farlow,09.605,2026-05-31
09.607,3,Pair of sleeve facings,,,Qing（清）,,,,,,,"Qing dynasty, 1870 to 1879",1870,1870,Textiles,Wool plain-weave flannel embroidered with silk and couched with gold-wrapped thread and peacock feathers,Chinese,"Pair of sleeve facings with design of dragons, fish, gates, waves, clouds and flowers embroidered in blue, green, white, red, and black silk and couched with gold-wrapped thread and peacock's feathers on a bright yellow wool flannel ground.","Gift from Louis H. Farlow to the MFA, December 29, 1909",,44.5 x 18 cm (17 1/2 x 7 1/16 in.),"Museum of Fine Arts, Boston","Boston, MA, USA",https://collections.mfa.org/objects/9026/pair-of-sleeve-facings,https://collections.mfa.org/internal/media/dispatcher/844262/preview,,,images\mfa\09.607.jpg,,0,Gift of Louis H. Farlow,09.607,2026-05-31
09.608,3,Pair of sleeve facings,,,Qing（清）,,,,,,,"Qing dynasty, 1860 to 1879",1860,1860,Textiles,Silk satin embroidered with silk and peacock feathers,Chinese,"Pair of sleeve facings with design of phoenix, daisies, flowers, bats and meandering hook motif embroidered in blue, pink, yellow, green, black, and white silk and couched with peacock feathers on a blue silk satin ground. The raised bodies of the birds are of paper.","Gift from Louis H. Farlow to the MFA, December 29, 1909",,Overall: 54 x 14.5 cm (21 1/4 x 5 11/16 in.),"Museum of Fine Arts, Boston","Boston, MA, USA",https://collections.mfa.org/objects/9027/pair-of-sleeve-facings,https://collections.mfa.org/internal/media/dispatcher/844263/preview,,,images\mfa\09.608.jpg,,0,Gift of Louis H. Farlow,09.608,2026-05-31
10.15,3,Roof tile end with four characters,,,Western Han（西汉）,,,,,,,"Western Han dynasty, 2nd–1st century B.C.",-100,-1,Tiles,Ceramic,Chinese,"Western Han dynasty, 2nd–1st century B.C. Tiles Ceramic Chinese",,,Diameter: 19.6 mm (3/4 in.),"Museum of Fine Arts, Boston","Boston, MA, USA",https://collections.mfa.org/objects/9037/roof-tile-end-with-four-characters,https://collections.mfa.org/internal/media/dispatcher/579015/preview,,,images\mfa\10.15.jpg,,0,Museum purchase with funds donated by contribution,10.15,2026-05-31
10.43,3,Pair of sleeve facings,,,Qing（清）,,,,,,,"Qing dynasty, mid to late 19th century",1801,1900,Textiles,Silk satin-weave embroidered with silk and gold-wrapped thread,Chinese,"Pair of sleeve facings in white silk satin with design of roundels horse, tree, stream and bat roundels outside of which are pomegranites, grapes, lichi, and Buddha's Hand embroidered in green, yellow, orange, blue, red, pink and white silk and gold thread.","Gift of Louis H. Farlow to the MFA on March 3, 1910",,54 x 18 cm (21 1/4 x 7 1/16 in.),"Museum of Fine Arts, Boston","Boston, MA, USA",https://collections.mfa.org/objects/9043/pair-of-sleeve-facings,https://collections.mfa.org/internal/media/dispatcher/844264/preview,,,images\mfa\10.43.jpg,,0,Gift of Louis H. Farlow,10.43,2026-05-31
10.44,3,Sleeve facing (one of a pair),,,Qing（清）,,,,,,,"Qing dynasty, mid-19th century",1801,1900,Textiles,Silk gauze-weave embroidered with silk,Chinese,"Pair of sleeve facings in white silk gauze with design of landscape with cranes embroidered in blue, pink, yellow, green, brown and black silk.","Gift of Louis H. Farlow to the MFA on March 3, 1910",,Height x width: 24 7/16 x 3 3/4 in. (62 x 9.5 cm),"Museum of Fine Arts, Boston","Boston, MA, USA",https://collections.mfa.org/objects/9044/sleeve-facing-one-of-a-pair,https://collections.mfa.org/internal/media/dispatcher/844265/preview,,,images\mfa\10.44.jpg,,0,Gift of Louis H. Farlow,10.44,2026-05-31
10.45,3,Sleeve facing (one of a pair),,,Qing（清）,,,,,,,"Qing dynasty, mid to late 19th century",1801,1900,Textiles,Silk gauze-weave embroidered with silk,Chinese,"Pair of sleeve facings in white silk gauze with design of landscape with cranes embroidered in blue, pink, yellow, green, brown and black silk.","Gift of Louis H. farlow to the MFA on March 3, 1910",,Height x width: 24 7/16 x 3 3/4 in. (62 x 9.5 cm),"Museum of Fine Arts, Boston","Boston, MA, USA",https://collections.mfa.org/objects/9045/sleeve-facing-one-of-a-pair,https://collections.mfa.org/internal/media/dispatcher/844265/preview,,,images\mfa\10.45.jpg,,0,Gift of Louis H. Farlow,10.45,2026-05-31
10.46,3,Pendant for woman's semi-formal court robe (zai shui),,,Northern Song（北宋）,,,,,,,"Qing dynasty, 1850–70",70,1850,Textiles,Silk twill-weave ground embroidered with silk and beads,Chinese,"Pendant, or stylized handkerchief, (zai shui) for woman's semi-formal court robe with design of elabroate beaded tassel, bats, waves, and flowers in green, yellow, pink, blue and white silk and gold thread embroidery on red twill-weave silk ground.","Gift of Louis H. Farlow to the MFA on March 3, 1910",,Overall: 13.5 x 65.5 cm (5 5/16 x 25 13/16 in.),"Museum of Fine Arts, Boston","Boston, MA, USA",https://collections.mfa.org/objects/9046/pendant-for-womans-semiformal-court-robe-zai-shui,https://collections.mfa.org/internal/media/dispatcher/1029263/preview,,,images\mfa\10.46.jpg,,0,Gift of Louis H. Farlow,10.46,2026-05-31
10.47,3,Woman's shoe panels (unconstructed),,,Qing（清）,,,,,,,"Qing Dynasty, early 20th century",1901,2000,Textiles,Silk plain weave with tapestry weave; painted patterning,Chinese (Manchu),"Woman's unconstructed shoe of green silk, with red tapestry woven design of Chinese character for ""double happiness,"" and scattered white and yellow flowers.
Flowers are white with a yellow and red center (tapestry weave) outlined in black with green and red shading (paint).","Gift from Louis H. Farlow to the MFA, March 3, 1910",,Overall: 22.5 x 28.5 cm (8 7/8 x 11 1/4 in.),"Museum of Fine Arts, Boston","Boston, MA, USA",https://collections.mfa.org/objects/9047/womans-shoe-panels-unconstructed,https://collections.mfa.org/internal/media/dispatcher/870678/preview,,,images\mfa\10.47.jpg,,0,Gift of Louis H. Farlow,10.47,2026-05-31
10.48a,3,Court insignia badge (buzi) for fifth-rank civil official,,,Qing（清）,,,,,,,"Qing dynasty, 1880s",1880,1880,Textiles,Silk slit tapestry (kesi) with gold metallic threads,Chinese,"Court insignia badge (buzi) of silk slit tapestry with design of phoenix (fifth-rank civil official) rising from the waves, flowers, bats, sun, and clouds in white, various shades of blue, orange and green silk and gold thread on a dark blue ground.","Gift from Louis H. Farlow to the MFA, March 3, 1910",,Height x width: 12 x 12 3/8 in. (30.5 x 31.5 cm),"Museum of Fine Arts, Boston","Boston, MA, USA",https://collections.mfa.org/objects/9048/court-insignia-badge-buzi-for-fifthrank-civil-official,https://collections.mfa.org/internal/media/dispatcher/1036892/preview,,,images\mfa\10.48a.jpg,,0,Gift of Louis H. Farlow,10.48a,2026-05-31
10.49a,3,Court insignia badge (buzi) for fifth-rank military official,,,Qing（清）,,,,,,,"Qing dynasty, 1880s",1880,1880,Textiles,Silk slit tapestry (kesi) with gold metallic thread,Chinese,"Court insignia badge (buzi) with design of waves, clouds, a bear (fifth-rank military official), auspicious Buddhist symbols and flowers in various shades of blue, white and orange silk and metallic gold thread on a blue silk ground; border of interlocking swastika pattern in metallic gold on a dark blue ground.  One of pair with 10.49b","Gift from Louis H. Farlow to the MFA, March 3, 1910",,Height x width: 11 7/8 x 12 in. (30.2 x 30.5 cm),"Museum of Fine Arts, Boston","Boston, MA, USA",https://collections.mfa.org/objects/9049/court-insignia-badge-buzi-for-fifthrank-military-official,https://collections.mfa.org/internal/media/dispatcher/1036894/preview,,,images\mfa\10.49a.jpg,,0,Gift of Louis H. Farlow,10.49a,2026-05-31
10.50,3,Fragment of a man's court robe (jifu),,,Qing（清）,,,,,,,third quarter 18th century,1701,1800,Textiles,Silk guaze with silk floss and gold-leafed paper wrapped on core embroidery,Chinese,"Light neutral brown, gauze ground embroidered with a design of mountains rising out of waves. Worked with white, blue, green, yellow, pink, and light brown silk.",Transferred from Asiatic Dept. to Textiles.,,191 x 46 cm (75 3/16 x 18 1/8 in.),"Museum of Fine Arts, Boston","Boston, MA, USA",https://collections.mfa.org/objects/9050/fragment-of-a-mans-court-robe-jifu,https://collections.mfa.org/internal/media/dispatcher/1004528/preview,,,images\mfa\10.50.jpg,,0,Gift of Louis H. Farlow,10.50,2026-05-31
10.51,3,Sleeve turn back/facing,,,,,,,,,,,,,Textiles,Embroidery,Chinese,"Yellow satin, on which is embroidered with laid work, French knots and couching a design of flowers, vases, butterflies, bats, etc. Worked with white, green, blue, light tan-colored silk and gold thread.","Gift from Louis H. Farlow to the MFA, March 3, 1910",,Height x width: 24 5/8 x 3 3/4 in. (62.5 x 9.5 cm),"Museum of Fine Arts, Boston","Boston, MA, USA",https://collections.mfa.org/objects/9051/sleeve-turn-backfacing,https://collections.mfa.org/internal/media/dispatcher/844266/preview,,,images\mfa\10.51.jpg,,0,Gift of Louis H. Farlow,10.51,2026-05-31
10.52,3,Purse (da lian),,,Northern Song（北宋）,,,,,,,"Qing dynasty, 1880–90",90,1880,Textiles,Silk embroidered with silk and couched with gold-wrapped thread,Chinese,"Folding wallet embroidered with dragons Qing dynasty, 1880–90 Silk embroidered with silk and couched with gold-wrapped thread Chinese","Gift of Louis H. farlow to the MFA on March 3, 1910",,Height x width (as photographed): 7 x 3 1/2 in. (17.8 x 8.9 cm),"Museum of Fine Arts, Boston","Boston, MA, USA",https://collections.mfa.org/objects/9052/purse-da-lian,https://collections.mfa.org/internal/media/dispatcher/871069/preview,,,images\mfa\10.52.jpg,,0,Gift of Louis H. Farlow,10.52,2026-05-31
10.53,3,Sleeve facing,,,Qing（清）,,,,,,,"Qing dynasty, mid-19th century",1801,1900,Textiles,Silk satin-weave embroidered with silk,Chinese,"Sleeve facing in white silk satin with design of landscapes, houses and mounted hunters; one killing a cat with a spear; the other is shooting with a bow and arrow embroidered in polychrome silk.","Gift of Louis H. Farlow to the MFA on March 3, 1910",,Height x width: 24 7/16 x 3 15/16 in. (62 x 10 cm),"Museum of Fine Arts, Boston","Boston, MA, USA",https://collections.mfa.org/objects/9053/sleeve-facing,https://collections.mfa.org/internal/media/dispatcher/844267/preview,,,images\mfa\10.53.jpg,,0,Gift of Louis H. Farlow,10.53,2026-05-31
10.54,3,Sleeve facing,,,Qing（清）,,,,,,,"Qing dynasty, late 19th century",1801,1900,Textiles,Silk satin-weave embroidered with silk and couched with gold-wrapped threads,Chinese,"Sleeve facing in blue silk damask with design of flowers, butterflies, gourds and insects embroidered in pink, white, green, brown and violet blue silk and couched with gold thread.","Gift of Louis H. Farlow to the MFA March 3, 1910. Transferred from Asiatic Dept. to Textiles.",,Height x width: 26 9/16 x 3 15/16 in. (67.5 x 10 cm),"Museum of Fine Arts, Boston","Boston, MA, USA",https://collections.mfa.org/objects/9054/sleeve-facing,https://collections.mfa.org/internal/media/dispatcher/844268/preview,,,images\mfa\10.54.jpg,,0,Gift of Louis H. Farlow,10.54,2026-05-31
10.55a,3,Court insignia badge (buzi) for fifth-rank civil official,,,Qing（清）,,,,,,,"Qing dynasty, mid 19th century",1801,1900,Textiles,Silk slit tapestry (kesi) with gold metallic thread,Chinese,"Court insignia badge (buzi) in slit tapestry with design of silver pheasant (fifth-rank civil official) rising from the waves, clouds, bats and flowers in white, blue, pink, red, yellow and green silk and gold thread on a dark blue ground.  One of pair with 10.55b.","Gift from Louis H. Farlow to the MFA, March 3, 1910",,Height x width: 11 7/16 x 11 5/8 in. (29 x 29.5 cm),"Museum of Fine Arts, Boston","Boston, MA, USA",https://collections.mfa.org/objects/9055/court-insignia-badge-buzi-for-fifthrank-civil-official,https://collections.mfa.org/internal/media/dispatcher/1036896/preview,,,images\mfa\10.55a.jpg,,0,Gift of Louis H. Farlow,10.55a,2026-05-31
10.56,3,Child's cap,,,Qing（清）,,,,,,,"Qing dynasty, late 19th century",1801,1900,Textiles,"Silk/cotton? and bronze-colored paper ornament embroidery, and stone or glass ball",Chinese,"Child's cap composed of bands of embroidery: two bands are canvas solidly worked with a design is of diamonds and flowers; the other bands are of black cotton or poor silk embroidered with flowers. The colors are pink, cream color, brown, light green, white, and blues. On the top is a knob of bronzed paper surrounded with petal-like pieces of various colored damasks.","Gift from Louis H. Farlow to the MFA, March 3, 1910",,"Overall: 13.2 x 22.7cm (5 3/16 x 8 15/16in.)
Other (Circumference): 45.4cm (17 7/8in.)","Museum of Fine Arts, Boston","Boston, MA, USA",https://collections.mfa.org/objects/9056/childs-cap,https://collections.mfa.org/internal/media/dispatcher/904961/preview,,,images\mfa\10.56.jpg,,0,Gift of Louis H. Farlow,10.56,2026-05-31
10.57,3,Sleeve facing,,,Qing（清）,,,,,,,late 19th century,1801,1900,Textiles,Satin embroidered with colored floss silk,Chinese,"Blue satin, on which is embroidered with laid work, French knots and couching, a design of water, crabs, a pagoda, under a tree, cranes, etc.  Worked with blue, white, green, strong yellow and black silk and gold thread.","Gift of Louis H. farlow to the MFA March 3, 1910. Transferred from Asiatic Dept. to Textiles.",,Height x width: 26 9/16 x 3 1/8 in. (67.5 x 8 cm),"Museum of Fine Arts, Boston","Boston, MA, USA",https://collections.mfa.org/objects/9057/sleeve-facing,https://collections.mfa.org/internal/media/dispatcher/844269/preview,,,images\mfa\10.57.jpg,,0,Gift of Louis H. Farlow,10.57,2026-05-31
10.58,3,Sleeve facing,,,Qing（清）,,,,,,,"Qing dynasty, 1870s",1870,1870,Textiles,Silk gauze ground embroidered silk and couched gold-wrapped thread,Chinese,"Sleeve facing with design of chrysanthemums, peonies and butterflies embroidered in two shades of blue, green and pink silk and couched gold-wrapped thread on a white silk gauze ground.","Gift from Louis H. Farlow to the MFA, March 3, 1910",,Height x width: 24 7/16 x 3 15/16 in. (62 x 10 cm),"Museum of Fine Arts, Boston","Boston, MA, USA",https://collections.mfa.org/objects/9058/sleeve-facing,https://collections.mfa.org/internal/media/dispatcher/844270/preview,,,images\mfa\10.58.jpg,,0,Gift of Louis H. Farlow,10.58,2026-05-31
10.59,3,Sleeve facing,,,Qing（清）,,,,,,,"Qing dynasty, 1860s",1860,1860,Textiles,Silk damask embroidered with silk and couched with gold-wrapped thread,Chinese,"Sleeve facing with design of chrysanthemums, peonies and other flowers embroidered in green, blue, pink and white silk and couched with gold-wrapped thread on a pale gray silk damask ground with woven floral pattern.","Gift from Louis H. Farlow to the MFA, March 3, 1910",,Height x width: 26 x 4 15/16 in. (66 x 12.5 cm),"Museum of Fine Arts, Boston","Boston, MA, USA",https://collections.mfa.org/objects/9059/sleeve-facing,https://collections.mfa.org/internal/media/dispatcher/844271/preview,,,images\mfa\10.59.jpg,,0,Gift of Louis H. Farlow,10.59,2026-05-31
10.60,3,Sleeve facing,,,Qing（清）,,,,,,,"Qing dynasty, 1860s",1860,1860,Textiles,Silk damask embroidered with silk and couched with gold-wrapped thread,Chinese,"Sleeve facing with design of Eight Daoist symbols and flowers embroidered in blue, green, tan, pink, white and black silk and couched with gold-wrapped thread on a pale blue silk damask ground.","Gift from Louis H. Farlow to the MFA, March 3, 1910",,Height x width: 24 5/8 x 3 1/8 in. (62.5 x 8 cm),"Museum of Fine Arts, Boston","Boston, MA, USA",https://collections.mfa.org/objects/9060/sleeve-facing,https://collections.mfa.org/internal/media/dispatcher/844272/preview,,,images\mfa\10.60.jpg,,0,Gift of Louis H. Farlow,10.60,2026-05-31
10.61,3,Sleeve facing,,,Qing（清）,,,,,,,late 19th century,1801,1900,Textiles,Satin damask embroidered with couched gold-wrapped threads and floss silk,Chinese,"Damask, on which is embroidered with French knots and couching, a design of flowers, butterflies, fruit, and three scalloped medallions. Worked with gold thread and pink, red, green, blue, and heliotrope silk.","Gift of Louis H. Farlow to the MFA March 3, 1910. Transferred from Asiatic Dept. to Textiles.",,Height x width: 26 9/16 x 3 9/16 in. (67.5 x 9 cm),"Museum of Fine Arts, Boston","Boston, MA, USA",https://collections.mfa.org/objects/9061/sleeve-facing,https://collections.mfa.org/internal/media/dispatcher/844273/preview,,,images\mfa\10.61.jpg,,0,Gift of Louis H. Farlow,10.61,2026-05-31
10.62,3,Child's semi-formal court robe (jifu),,,Five Dynasties（五代）,,,,,,,"Qing dynasty, 1825–75",75,1825,Textiles,Silk; split tapestry-weave (kesi) with silk and gold-metallic thread,Chinese,"Child's semi-formal court robe (jifu) with horse-shoe cuffs and side opening with gold round buttons and design of earth mountain and cosmic ocean along the bottom, above which are nine five-clawed dragons with flaming pearl, clouds and bats in silk and metallic gold thread on an orange silk tapestry ground, neck band and cuffs of silk tapestry with dark blue ground; lined in light blue plain-weave silk.
The color orange is suitable for wear by the heir-apparent.","Gift of Louis H. Farlow to the MFA on March 3, 1910",,87.2 x 125.1 cm (34 5/16 x 49 1/4 in.),"Museum of Fine Arts, Boston","Boston, MA, USA",https://collections.mfa.org/objects/9062/childs-semiformal-court-robe-jifu,https://collections.mfa.org/internal/media/dispatcher/847882/preview,,,images\mfa\10.62.jpg,,0,Gift of Louis H. Farlow,10.62,2026-05-31
10.63,3,Sleeve facing,,,Qing（清）,,,,,,,mid-19th century,1801,1900,Textiles,Embroidery,Chinese,"White satin, on which is embroidered, a design of landscapes, in which are horsemen; one killing an animal. Worked with blue, pink, green, yellow, and brown silk.  Sleeve turn back/facing",Transferred from Asiatic Dept. to Textiles.,,Height x width: 24 7/16 x 3 15/16 in. (62 x 10 cm),"Museum of Fine Arts, Boston","Boston, MA, USA",https://collections.mfa.org/objects/9063/sleeve-facing,https://collections.mfa.org/internal/media/dispatcher/844274/preview,,,images\mfa\10.63.jpg,,0,Gift of Louis H. Farlow,10.63,2026-05-31
