museum_id,object_id,image_url,http_ok,status_code,content_type,local_file_ok,valid
3,34.539,https://collections.mfa.org/internal/media/dispatcher/1022742/preview,0,405,text/html; charset=utf-8,1,1
3,11.6148,https://collections.mfa.org/internal/media/dispatcher/977828/preview,0,405,text/html; charset=utf-8,1,1
3,11.4009,https://collections.mfa.org/internal/media/dispatcher/977827/preview,0,405,text/html; charset=utf-8,1,1
3,56.257,https://collections.mfa.org/internal/media/dispatcher/1090921/preview,0,405,text/html; charset=utf-8,1,1
3,1975.314,https://collections.mfa.org/internal/media/dispatcher/1463369/preview,0,405,text/html; charset=utf-8,1,1
3,11.6152,https://collections.mfa.org/internal/media/dispatcher/746329/preview,0,405,text/html; charset=utf-8,1,1
3,11.4005,https://collections.mfa.org/internal/media/dispatcher/977826/preview,0,405,text/html; charset=utf-8,1,1
3,15.888,https://collections.mfa.org/internal/media/dispatcher/1450256/preview,0,405,text/html; charset=utf-8,1,1
3,15.897,https://collections.mfa.org/internal/media/dispatcher/920628/preview,0,405,text/html; charset=utf-8,1,1
3,17.197,https://collections.mfa.org/internal/media/dispatcher/750990/preview,0,405,text/html; charset=utf-8,1,1
3,15.896,https://collections.mfa.org/internal/media/dispatcher/740773/preview,0,405,text/html; charset=utf-8,1,1
3,29.1155,https://collections.mfa.org/internal/media/dispatcher/1514128/preview,0,405,text/html; charset=utf-8,1,1
3,56.496,https://collections.mfa.org/internal/media/dispatcher/1617068/preview,0,405,text/html; charset=utf-8,1,1
3,17.746,https://collections.mfa.org/internal/media/dispatcher/726526/preview,0,405,text/html; charset=utf-8,1,1
3,05.210,https://collections.mfa.org/internal/media/dispatcher/726723/preview,0,405,text/html; charset=utf-8,1,1
3,11.6157,https://collections.mfa.org/internal/media/dispatcher/726836/preview,0,405,text/html; charset=utf-8,1,1
3,1974.528,https://collections.mfa.org/internal/media/dispatcher/726871/preview,0,405,text/html; charset=utf-8,1,1
3,1973.173,https://collections.mfa.org/internal/media/dispatcher/1454662/preview,0,405,text/html; charset=utf-8,1,1
3,15.891,https://collections.mfa.org/internal/media/dispatcher/740837/preview,0,405,text/html; charset=utf-8,1,1
3,14.76,https://collections.mfa.org/internal/media/dispatcher/977830/preview,0,405,text/html; charset=utf-8,1,1
3,1974.305,https://collections.mfa.org/internal/media/dispatcher/728124/preview,0,405,text/html; charset=utf-8,1,1
3,14.54,https://collections.mfa.org/internal/media/dispatcher/1280480/preview,0,405,text/html; charset=utf-8,1,1
3,14.80,https://collections.mfa.org/internal/media/dispatcher/728340/preview,0,405,text/html; charset=utf-8,1,1
3,17.698,https://collections.mfa.org/internal/media/dispatcher/978305/preview,0,405,text/html; charset=utf-8,1,1
3,85.21,https://collections.mfa.org/internal/media/dispatcher/895090/preview,0,405,text/html; charset=utf-8,1,1
3,86.68,https://collections.mfa.org/internal/media/dispatcher/1036878/preview,0,405,text/html; charset=utf-8,1,1
3,87.38,https://collections.mfa.org/internal/media/dispatcher/1036881/preview,0,405,text/html; charset=utf-8,1,1
3,92.2699,https://collections.mfa.org/internal/media/dispatcher/736774/preview,0,405,text/html; charset=utf-8,1,1
3,92.2707a-b,https://collections.mfa.org/internal/media/dispatcher/1245475/preview,0,405,text/html; charset=utf-8,1,1
3,92.2718a-b,https://collections.mfa.org/internal/media/dispatcher/781263/preview,0,405,text/html; charset=utf-8,1,1
3,92.2719,https://collections.mfa.org/internal/media/dispatcher/1022484/preview,0,405,text/html; charset=utf-8,1,1
3,92.2721,https://collections.mfa.org/internal/media/dispatcher/871099/preview,0,405,text/html; charset=utf-8,1,1
3,92.2722,https://collections.mfa.org/internal/media/dispatcher/871138/preview,0,405,text/html; charset=utf-8,1,1
3,92.2726,https://collections.mfa.org/internal/media/dispatcher/781265/preview,0,405,text/html; charset=utf-8,1,1
3,92.2727,https://collections.mfa.org/internal/media/dispatcher/781266/preview,0,405,text/html; charset=utf-8,1,1
3,92.2728,https://collections.mfa.org/internal/media/dispatcher/781267/preview,0,405,text/html; charset=utf-8,1,1
3,92.2729,https://collections.mfa.org/internal/media/dispatcher/781268/preview,0,405,text/html; charset=utf-8,1,1
3,92.2730,https://collections.mfa.org/internal/media/dispatcher/781269/preview,0,405,text/html; charset=utf-8,1,1
3,92.2731,https://collections.mfa.org/internal/media/dispatcher/781270/preview,0,405,text/html; charset=utf-8,1,1
3,92.3099,https://collections.mfa.org/internal/media/dispatcher/927745/preview,0,405,text/html; charset=utf-8,1,1
3,93.155a,https://collections.mfa.org/internal/media/dispatcher/1260997/preview,0,405,text/html; charset=utf-8,1,1
3,93.1014,https://collections.mfa.org/internal/media/dispatcher/1040558/preview,0,405,text/html; charset=utf-8,1,1
3,93.1044,https://collections.mfa.org/internal/media/dispatcher/1004095/preview,0,405,text/html; charset=utf-8,1,1
3,93.1045,https://collections.mfa.org/internal/media/dispatcher/1036884/preview,0,405,text/html; charset=utf-8,1,1
3,93.1046,https://collections.mfa.org/internal/media/dispatcher/731157/preview,0,405,text/html; charset=utf-8,1,1
3,93.1086,https://collections.mfa.org/internal/media/dispatcher/1022795/preview,0,405,text/html; charset=utf-8,1,1
3,93.1087,https://collections.mfa.org/internal/media/dispatcher/1012727/preview,0,405,text/html; charset=utf-8,1,1
3,93.1122,https://collections.mfa.org/internal/media/dispatcher/843903/preview,0,405,text/html; charset=utf-8,1,1
3,93.1124,https://collections.mfa.org/internal/media/dispatcher/843905/preview,0,405,text/html; charset=utf-8,1,1
3,93.1125,https://collections.mfa.org/internal/media/dispatcher/843906/preview,0,405,text/html; charset=utf-8,1,1
3,93.1454,https://collections.mfa.org/internal/media/dispatcher/895099/preview,0,405,text/html; charset=utf-8,1,1
3,93.1459,https://collections.mfa.org/internal/media/dispatcher/756756/preview,0,405,text/html; charset=utf-8,1,1
3,93.1477,https://collections.mfa.org/internal/media/dispatcher/614847/preview,0,405,text/html; charset=utf-8,1,1
3,95.211,https://collections.mfa.org/internal/media/dispatcher/1009168/preview,0,405,text/html; charset=utf-8,1,1
3,95.507,https://collections.mfa.org/internal/media/dispatcher/1155186/preview,0,405,text/html; charset=utf-8,1,1
3,95.512,https://collections.mfa.org/internal/media/dispatcher/1155187/preview,0,405,text/html; charset=utf-8,1,1
3,95.521,https://collections.mfa.org/internal/media/dispatcher/819601/preview,0,405,text/html; charset=utf-8,1,1
3,95.538,https://collections.mfa.org/internal/media/dispatcher/1155188/preview,0,405,text/html; charset=utf-8,1,1
3,95.542,https://collections.mfa.org/internal/media/dispatcher/731301/preview,0,405,text/html; charset=utf-8,1,1
3,95.548,https://collections.mfa.org/internal/media/dispatcher/1154227/preview,0,405,text/html; charset=utf-8,1,1
3,95.553,https://collections.mfa.org/internal/media/dispatcher/1155011/preview,0,405,text/html; charset=utf-8,1,1
3,95.559,https://collections.mfa.org/internal/media/dispatcher/1155044/preview,0,405,text/html; charset=utf-8,1,1
3,95.563a-b,https://collections.mfa.org/internal/media/dispatcher/1155012/preview,0,405,text/html; charset=utf-8,1,1
3,95.575,https://collections.mfa.org/internal/media/dispatcher/731330/preview,0,405,text/html; charset=utf-8,1,1
3,95.577a,https://collections.mfa.org/internal/media/dispatcher/1154228/preview,0,405,text/html; charset=utf-8,1,1
3,17.191,https://collections.mfa.org/internal/media/dispatcher/1453191/preview,0,405,text/html; charset=utf-8,1,1
3,1979.203,https://collections.mfa.org/internal/media/dispatcher/1486411/preview,0,405,text/html; charset=utf-8,1,1
3,92.2635,https://collections.mfa.org/internal/media/dispatcher/1174722/preview,0,405,text/html; charset=utf-8,1,1
3,92.2725,https://collections.mfa.org/internal/media/dispatcher/781264/preview,0,405,text/html; charset=utf-8,1,1
3,93.1043,https://collections.mfa.org/internal/media/dispatcher/1036883/preview,0,405,text/html; charset=utf-8,1,1
3,95.438,https://collections.mfa.org/internal/media/dispatcher/1155185/preview,0,405,text/html; charset=utf-8,1,1
3,95.547,https://collections.mfa.org/internal/media/dispatcher/1155189/preview,0,405,text/html; charset=utf-8,1,1
3,95.622,https://collections.mfa.org/internal/media/dispatcher/736787/preview,0,405,text/html; charset=utf-8,1,1
3,95.636,https://collections.mfa.org/internal/media/dispatcher/1150891/preview,0,405,text/html; charset=utf-8,1,1
3,95.697,https://collections.mfa.org/internal/media/dispatcher/1138731/preview,0,405,text/html; charset=utf-8,1,1
3,95.723,https://collections.mfa.org/internal/media/dispatcher/736788/preview,0,405,text/html; charset=utf-8,1,1
3,95.725,https://collections.mfa.org/internal/media/dispatcher/1150892/preview,0,405,text/html; charset=utf-8,1,1
3,95.742,https://collections.mfa.org/internal/media/dispatcher/1084291/preview,0,405,text/html; charset=utf-8,1,1
3,95.817,https://collections.mfa.org/internal/media/dispatcher/1084309/preview,0,405,text/html; charset=utf-8,1,1
3,95.858,https://collections.mfa.org/internal/media/dispatcher/905230/preview,0,405,text/html; charset=utf-8,1,1
3,95.1104,https://collections.mfa.org/internal/media/dispatcher/1004533/preview,0,405,text/html; charset=utf-8,1,1
3,95.1320,https://collections.mfa.org/internal/media/dispatcher/843915/preview,0,405,text/html; charset=utf-8,1,1
3,95.1321,https://collections.mfa.org/internal/media/dispatcher/843916/preview,0,405,text/html; charset=utf-8,1,1
3,95.1328,https://collections.mfa.org/internal/media/dispatcher/817890/preview,0,405,text/html; charset=utf-8,1,1
3,96.651,https://collections.mfa.org/internal/media/dispatcher/1022697/preview,0,405,text/html; charset=utf-8,1,1
3,96.652,https://collections.mfa.org/internal/media/dispatcher/1022709/preview,0,405,text/html; charset=utf-8,1,1
3,96.653,https://collections.mfa.org/internal/media/dispatcher/1022710/preview,0,405,text/html; charset=utf-8,1,1
3,96.654a-b,https://collections.mfa.org/internal/media/dispatcher/1250016/preview,0,405,text/html; charset=utf-8,1,1
3,97.66,https://collections.mfa.org/internal/media/dispatcher/731453/preview,0,405,text/html; charset=utf-8,1,1
3,98.12,https://collections.mfa.org/internal/media/dispatcher/883508/preview,0,405,text/html; charset=utf-8,1,1
3,98.208,https://collections.mfa.org/internal/media/dispatcher/1036888/preview,0,405,text/html; charset=utf-8,1,1
3,98.209,https://collections.mfa.org/internal/media/dispatcher/1036889/preview,0,405,text/html; charset=utf-8,1,1
3,98.948,https://collections.mfa.org/internal/media/dispatcher/1112461/preview,0,405,text/html; charset=utf-8,1,1
3,98.955a-c,https://collections.mfa.org/internal/media/dispatcher/1249379/preview,0,405,text/html; charset=utf-8,1,1
3,99.318,https://collections.mfa.org/internal/media/dispatcher/767181/preview,0,405,text/html; charset=utf-8,1,1
3,00.486,https://collections.mfa.org/internal/media/dispatcher/1039651/preview,0,405,text/html; charset=utf-8,1,1
3,00.488,https://collections.mfa.org/internal/media/dispatcher/905185/preview,0,405,text/html; charset=utf-8,1,1
3,00.581,https://collections.mfa.org/internal/media/dispatcher/1024390/preview,0,405,text/html; charset=utf-8,1,1
3,00.613,https://collections.mfa.org/internal/media/dispatcher/1016121/preview,0,405,text/html; charset=utf-8,1,1
3,01.5661,https://collections.mfa.org/internal/media/dispatcher/1004526/preview,0,405,text/html; charset=utf-8,1,1
3,01.5662,https://collections.mfa.org/internal/media/dispatcher/577463/preview,0,405,text/html; charset=utf-8,1,1
3,01.5719,https://collections.mfa.org/internal/media/dispatcher/1155004/preview,0,405,text/html; charset=utf-8,1,1
3,01.5721,https://collections.mfa.org/internal/media/dispatcher/1155005/preview,0,405,text/html; charset=utf-8,1,1
3,01.5722,https://collections.mfa.org/internal/media/dispatcher/577471/preview,0,405,text/html; charset=utf-8,1,1
3,01.5726,https://collections.mfa.org/internal/media/dispatcher/577474/preview,0,405,text/html; charset=utf-8,1,1
3,01.5731,https://collections.mfa.org/internal/media/dispatcher/577476/preview,0,405,text/html; charset=utf-8,1,1
3,01.5732,https://collections.mfa.org/internal/media/dispatcher/577478/preview,0,405,text/html; charset=utf-8,1,1
3,01.5745,https://collections.mfa.org/internal/media/dispatcher/740996/preview,0,405,text/html; charset=utf-8,1,1
3,01.5748,https://collections.mfa.org/internal/media/dispatcher/577487/preview,0,405,text/html; charset=utf-8,1,1
3,01.5771,https://collections.mfa.org/internal/media/dispatcher/577489/preview,0,405,text/html; charset=utf-8,1,1
3,01.5772,https://collections.mfa.org/internal/media/dispatcher/577489/preview,0,405,text/html; charset=utf-8,1,1
3,01.5804,https://collections.mfa.org/internal/media/dispatcher/1136444/preview,0,405,text/html; charset=utf-8,1,1
3,01.5812,https://collections.mfa.org/internal/media/dispatcher/1239169/preview,0,405,text/html; charset=utf-8,1,1
3,01.6720a-d,https://collections.mfa.org/internal/media/dispatcher/1248241/preview,0,405,text/html; charset=utf-8,1,1
3,02.48,https://collections.mfa.org/internal/media/dispatcher/1022801/preview,0,405,text/html; charset=utf-8,1,1
3,02.54,https://collections.mfa.org/internal/media/dispatcher/1022811/preview,0,405,text/html; charset=utf-8,1,1
3,02.58,https://collections.mfa.org/internal/media/dispatcher/1022797/preview,0,405,text/html; charset=utf-8,1,1
3,02.59,https://collections.mfa.org/internal/media/dispatcher/1022690/preview,0,405,text/html; charset=utf-8,1,1
3,02.60,https://collections.mfa.org/internal/media/dispatcher/1022691/preview,0,405,text/html; charset=utf-8,1,1
3,02.62,https://collections.mfa.org/internal/media/dispatcher/1022701/preview,0,405,text/html; charset=utf-8,1,1
3,02.64,https://collections.mfa.org/internal/media/dispatcher/1029184/preview,0,405,text/html; charset=utf-8,1,1
3,02.66,https://collections.mfa.org/internal/media/dispatcher/1022693/preview,0,405,text/html; charset=utf-8,1,1
3,02.67,https://collections.mfa.org/internal/media/dispatcher/1022804/preview,0,405,text/html; charset=utf-8,1,1
3,02.68,https://collections.mfa.org/internal/media/dispatcher/1009172/preview,0,405,text/html; charset=utf-8,1,1
3,02.344,https://collections.mfa.org/internal/media/dispatcher/577684/preview,0,405,text/html; charset=utf-8,1,1
3,02.345,https://collections.mfa.org/internal/media/dispatcher/1029251/preview,0,405,text/html; charset=utf-8,1,1
3,02.394,https://collections.mfa.org/internal/media/dispatcher/1022813/preview,0,405,text/html; charset=utf-8,1,1
3,02.399,https://collections.mfa.org/internal/media/dispatcher/1022703/preview,0,405,text/html; charset=utf-8,1,1
3,02.401,https://collections.mfa.org/internal/media/dispatcher/1009173/preview,0,405,text/html; charset=utf-8,1,1
3,02.402,https://collections.mfa.org/internal/media/dispatcher/1009174/preview,0,405,text/html; charset=utf-8,1,1
3,02.485,https://collections.mfa.org/internal/media/dispatcher/1009188/preview,0,405,text/html; charset=utf-8,1,1
3,03.94,https://collections.mfa.org/internal/media/dispatcher/577717/preview,0,405,text/html; charset=utf-8,1,1
3,03.99,https://collections.mfa.org/internal/media/dispatcher/577721/preview,0,405,text/html; charset=utf-8,1,1
3,03.100,https://collections.mfa.org/internal/media/dispatcher/1155182/preview,0,405,text/html; charset=utf-8,1,1
3,03.102,https://collections.mfa.org/internal/media/dispatcher/577723/preview,0,405,text/html; charset=utf-8,1,1
3,03.104,https://collections.mfa.org/internal/media/dispatcher/1167649/preview,0,405,text/html; charset=utf-8,1,1
3,03.108,https://collections.mfa.org/internal/media/dispatcher/1150885/preview,0,405,text/html; charset=utf-8,1,1
3,03.119,https://collections.mfa.org/internal/media/dispatcher/1150886/preview,0,405,text/html; charset=utf-8,1,1
3,03.146,https://collections.mfa.org/internal/media/dispatcher/1199387/preview,0,405,text/html; charset=utf-8,1,1
3,03.719,https://collections.mfa.org/internal/media/dispatcher/1015315/preview,0,405,text/html; charset=utf-8,1,1
3,03.1046,https://collections.mfa.org/internal/media/dispatcher/1009158/preview,0,405,text/html; charset=utf-8,1,1
3,03.1157a-b,https://collections.mfa.org/internal/media/dispatcher/577802/preview,0,405,text/html; charset=utf-8,1,1
3,04.148,https://collections.mfa.org/internal/media/dispatcher/577841/preview,0,405,text/html; charset=utf-8,1,1
3,04.235,https://collections.mfa.org/internal/media/dispatcher/746349/preview,0,405,text/html; charset=utf-8,1,1
3,85.22,https://collections.mfa.org/internal/media/dispatcher/895091/preview,0,405,text/html; charset=utf-8,1,1
3,85.23,https://collections.mfa.org/internal/media/dispatcher/895092/preview,0,405,text/html; charset=utf-8,1,1
3,85.24,https://collections.mfa.org/internal/media/dispatcher/895093/preview,0,405,text/html; charset=utf-8,1,1
3,86.69,https://collections.mfa.org/internal/media/dispatcher/1036879/preview,0,405,text/html; charset=utf-8,1,1
3,86.70,https://collections.mfa.org/internal/media/dispatcher/1036880/preview,0,405,text/html; charset=utf-8,1,1
3,92.2723,https://collections.mfa.org/internal/media/dispatcher/871139/preview,0,405,text/html; charset=utf-8,1,1
3,92.2724,https://collections.mfa.org/internal/media/dispatcher/871100/preview,0,405,text/html; charset=utf-8,1,1
3,92.3100,https://collections.mfa.org/internal/media/dispatcher/927747/preview,0,405,text/html; charset=utf-8,1,1
3,93.1028,https://collections.mfa.org/internal/media/dispatcher/1040569/preview,0,405,text/html; charset=utf-8,1,1
3,93.1029,https://collections.mfa.org/internal/media/dispatcher/1040570/preview,0,405,text/html; charset=utf-8,1,1
3,93.1123,https://collections.mfa.org/internal/media/dispatcher/843904/preview,0,405,text/html; charset=utf-8,1,1
3,95.759,https://collections.mfa.org/internal/media/dispatcher/1084292/preview,0,405,text/html; charset=utf-8,1,1
3,95.797,https://collections.mfa.org/internal/media/dispatcher/731396/preview,0,405,text/html; charset=utf-8,1,1
3,95.1235,https://collections.mfa.org/internal/media/dispatcher/843914/preview,0,405,text/html; charset=utf-8,1,1
3,97.169,https://collections.mfa.org/internal/media/dispatcher/1040611/preview,0,405,text/html; charset=utf-8,1,1
3,97.451,https://collections.mfa.org/internal/media/dispatcher/1024370/preview,0,405,text/html; charset=utf-8,1,1
3,98.210,https://collections.mfa.org/internal/media/dispatcher/1036890/preview,0,405,text/html; charset=utf-8,1,1
3,01.6264,https://collections.mfa.org/internal/media/dispatcher/1012705/preview,0,405,text/html; charset=utf-8,1,1
3,01.6402,https://collections.mfa.org/internal/media/dispatcher/1084282/preview,0,405,text/html; charset=utf-8,1,1
3,02.49,https://collections.mfa.org/internal/media/dispatcher/962048/preview,0,405,text/html; charset=utf-8,1,1
3,02.50,https://collections.mfa.org/internal/media/dispatcher/1022802/preview,0,405,text/html; charset=utf-8,1,1
3,02.51,https://collections.mfa.org/internal/media/dispatcher/766000/preview,0,405,text/html; charset=utf-8,1,1
3,02.52,https://collections.mfa.org/internal/media/dispatcher/1022803/preview,0,405,text/html; charset=utf-8,1,1
3,02.53,https://collections.mfa.org/internal/media/dispatcher/765999/preview,0,405,text/html; charset=utf-8,1,1
3,02.55,https://collections.mfa.org/internal/media/dispatcher/1022748/preview,0,405,text/html; charset=utf-8,1,1
3,02.56,https://collections.mfa.org/internal/media/dispatcher/1022812/preview,0,405,text/html; charset=utf-8,1,1
3,02.57,https://collections.mfa.org/internal/media/dispatcher/1022749/preview,0,405,text/html; charset=utf-8,1,1
3,02.63,https://collections.mfa.org/internal/media/dispatcher/1022684/preview,0,405,text/html; charset=utf-8,1,1
3,02.353,https://collections.mfa.org/internal/media/dispatcher/1029257/preview,0,405,text/html; charset=utf-8,1,1
3,02.354,https://collections.mfa.org/internal/media/dispatcher/1029258/preview,0,405,text/html; charset=utf-8,1,1
3,02.358,https://collections.mfa.org/internal/media/dispatcher/1029259/preview,0,405,text/html; charset=utf-8,1,1
3,02.393,https://collections.mfa.org/internal/media/dispatcher/1022805/preview,0,405,text/html; charset=utf-8,1,1
3,02.396,https://collections.mfa.org/internal/media/dispatcher/1024336/preview,0,405,text/html; charset=utf-8,1,1
3,02.397,https://collections.mfa.org/internal/media/dispatcher/1022702/preview,0,405,text/html; charset=utf-8,1,1
3,02.398,https://collections.mfa.org/internal/media/dispatcher/1022685/preview,0,405,text/html; charset=utf-8,1,1
3,02.65,https://collections.mfa.org/internal/media/dispatcher/1022692/preview,0,405,text/html; charset=utf-8,1,1
3,02.346,https://collections.mfa.org/internal/media/dispatcher/1029252/preview,0,405,text/html; charset=utf-8,1,1
3,02.347,https://collections.mfa.org/internal/media/dispatcher/1029253/preview,0,405,text/html; charset=utf-8,1,1
3,02.348,https://collections.mfa.org/internal/media/dispatcher/1029254/preview,0,405,text/html; charset=utf-8,1,1
3,02.349,https://collections.mfa.org/internal/media/dispatcher/1029255/preview,0,405,text/html; charset=utf-8,1,1
3,02.350,https://collections.mfa.org/internal/media/dispatcher/1029256/preview,0,405,text/html; charset=utf-8,1,1
3,03.122,https://collections.mfa.org/internal/media/dispatcher/577730/preview,0,405,text/html; charset=utf-8,1,1
3,04.236,https://collections.mfa.org/internal/media/dispatcher/1280786/preview,0,405,text/html; charset=utf-8,1,1
3,04.276,https://collections.mfa.org/internal/media/dispatcher/1029160/preview,0,405,text/html; charset=utf-8,1,1
3,04.277,https://collections.mfa.org/internal/media/dispatcher/1029166/preview,0,405,text/html; charset=utf-8,1,1
3,04.1693a,https://collections.mfa.org/internal/media/dispatcher/1016097/preview,0,405,text/html; charset=utf-8,1,1
3,05.199,https://collections.mfa.org/internal/media/dispatcher/1259137/preview,0,405,text/html; charset=utf-8,1,1
3,06.163a,https://collections.mfa.org/internal/media/dispatcher/578046/preview,0,405,text/html; charset=utf-8,1,1
3,06.170,https://collections.mfa.org/internal/media/dispatcher/1143589/preview,0,405,text/html; charset=utf-8,1,1
3,06.172,https://collections.mfa.org/internal/media/dispatcher/767343/preview,0,405,text/html; charset=utf-8,1,1
3,06.173,https://collections.mfa.org/internal/media/dispatcher/767179/preview,0,405,text/html; charset=utf-8,1,1
3,06.179a-b,https://collections.mfa.org/internal/media/dispatcher/767341/preview,0,405,text/html; charset=utf-8,1,1
3,06.1899,https://collections.mfa.org/internal/media/dispatcher/1208415/preview,0,405,text/html; charset=utf-8,1,1
3,06.1902,https://collections.mfa.org/internal/media/dispatcher/977824/preview,0,405,text/html; charset=utf-8,1,1
3,06.2410,https://collections.mfa.org/internal/media/dispatcher/1040097/preview,0,405,text/html; charset=utf-8,1,1
3,06.2443a-b,https://collections.mfa.org/internal/media/dispatcher/1658754/preview,0,405,text/html; charset=utf-8,1,1
3,06.2445a-c,https://collections.mfa.org/internal/media/dispatcher/578213/preview,0,405,text/html; charset=utf-8,1,1
3,07.11,https://collections.mfa.org/internal/media/dispatcher/578216/preview,0,405,text/html; charset=utf-8,1,1
3,07.31,https://collections.mfa.org/internal/media/dispatcher/1177945/preview,0,405,text/html; charset=utf-8,1,1
3,07.50,https://collections.mfa.org/internal/media/dispatcher/578232/preview,0,405,text/html; charset=utf-8,1,1
3,07.66,https://collections.mfa.org/internal/media/dispatcher/1199483/preview,0,405,text/html; charset=utf-8,1,1
3,07.76,https://collections.mfa.org/internal/media/dispatcher/1199388/preview,0,405,text/html; charset=utf-8,1,1
3,07.159,https://collections.mfa.org/internal/media/dispatcher/578237/preview,0,405,text/html; charset=utf-8,1,1
3,07.172,https://collections.mfa.org/internal/media/dispatcher/578238/preview,0,405,text/html; charset=utf-8,1,1
3,07.203,https://collections.mfa.org/internal/media/dispatcher/578241/preview,0,405,text/html; charset=utf-8,1,1
3,07.222,https://collections.mfa.org/internal/media/dispatcher/578218/preview,0,405,text/html; charset=utf-8,1,1
3,07.245,https://collections.mfa.org/internal/media/dispatcher/1146376/preview,0,405,text/html; charset=utf-8,1,1
3,07.251,https://collections.mfa.org/internal/media/dispatcher/1320588/preview,0,405,text/html; charset=utf-8,1,1
3,07.253,https://collections.mfa.org/internal/media/dispatcher/776320/preview,0,405,text/html; charset=utf-8,1,1
3,07.513,https://collections.mfa.org/internal/media/dispatcher/578319/preview,0,405,text/html; charset=utf-8,1,1
3,07.718,https://collections.mfa.org/internal/media/dispatcher/775670/preview,0,405,text/html; charset=utf-8,1,1
3,07.732,https://collections.mfa.org/internal/media/dispatcher/927047/preview,0,405,text/html; charset=utf-8,1,1
3,07.734,https://collections.mfa.org/internal/media/dispatcher/1199356/preview,0,405,text/html; charset=utf-8,1,1
3,07.735,https://collections.mfa.org/internal/media/dispatcher/578382/preview,0,405,text/html; charset=utf-8,1,1
3,07.738,https://collections.mfa.org/internal/media/dispatcher/578384/preview,0,405,text/html; charset=utf-8,1,1
3,07.740,https://collections.mfa.org/internal/media/dispatcher/1188617/preview,0,405,text/html; charset=utf-8,1,1
3,07.741,https://collections.mfa.org/internal/media/dispatcher/1115951/preview,0,405,text/html; charset=utf-8,1,1
3,07.743,https://collections.mfa.org/internal/media/dispatcher/1188618/preview,0,405,text/html; charset=utf-8,1,1
3,07.750,https://collections.mfa.org/internal/media/dispatcher/1064755/preview,0,405,text/html; charset=utf-8,1,1
3,07.832,https://collections.mfa.org/internal/media/dispatcher/895121/preview,0,405,text/html; charset=utf-8,1,1
3,07.850,https://collections.mfa.org/internal/media/dispatcher/1022595/preview,0,405,text/html; charset=utf-8,1,1
3,07.879a,https://collections.mfa.org/internal/media/dispatcher/578432/preview,0,405,text/html; charset=utf-8,1,1
3,08.68,https://collections.mfa.org/internal/media/dispatcher/578456/preview,0,405,text/html; charset=utf-8,1,1
3,08.105,https://collections.mfa.org/internal/media/dispatcher/977825/preview,0,405,text/html; charset=utf-8,1,1
3,08.120,https://collections.mfa.org/internal/media/dispatcher/578475/preview,0,405,text/html; charset=utf-8,1,1
3,08.121,https://collections.mfa.org/internal/media/dispatcher/578476/preview,0,405,text/html; charset=utf-8,1,1
3,08.273,https://collections.mfa.org/internal/media/dispatcher/1009175/preview,0,405,text/html; charset=utf-8,1,1
3,08.422,https://collections.mfa.org/internal/media/dispatcher/578630/preview,0,405,text/html; charset=utf-8,1,1
3,08.425,https://collections.mfa.org/internal/media/dispatcher/578643/preview,0,405,text/html; charset=utf-8,1,1
3,08.426,https://collections.mfa.org/internal/media/dispatcher/578659/preview,0,405,text/html; charset=utf-8,1,1
